cluster,precipitation
1,1.483529702970297
2,1.7418779069767443
