cluster,precipitation
1,2.1899370629370627
2,1.9899127272727273
