cluster,precipitation
1,1.917405529953917
2,2.2197533333333337
