cluster,precipitation
1,1.8877297297297297
2,1.513865671641791
3,2.0182249730893433
