cluster,precipitation
1,2.2420445859872613
2,1.9984869109947645
3,1.7445331230283911
4,1.842313725490196
5,1.568349315068493
6,1.3886592592592593
7,1.8418059322033897
8,2.1950268714011516
9,1.8419891696750903
10,2.117655172413793
11,2.3010416666666664
12,2.0595355450236967
13,1.6575384615384614
14,1.7293181818181818
15,1.9928
