cluster,precipitation
1,2.4446201550387596
2,2.01715
