cluster,precipitation
1,1.681228971962617
2,1.8999301310043668
3,2.223119047619048
